INSERT INTO `authors` (`firstname`, `secondname`, `patronymic`) VALUES 
( 'Александр', 'Пушкин', 'Сергеевич'),
( 'Иван', 'Тургенев', 'Сергеевич'),
( 'Михаил', 'Юрьевич', 'Лермонтов'),
( 'Фёдор', 'Достоевский', 'Михайлович'),
( 'Николай', 'Гоголь', 'Васильевич');

INSERT INTO `books` (`name`, `extra_information`, `avalibality`) VALUES 
( 'Дубровский', 'экстра', 1),
( 'Ася', 'экстра', 1),
( 'Мцыри', 'экстра', 1),
( 'Идиот', 'экстра', 1),
( 'Вий', 'экстра', 1);

INSERT INTO `genre` (`name`) VALUES 
( 'Фантастика'),
( 'Детектив'),
( 'Ужасы'),
( 'Трагедия'),
( 'Биография');

INSERT INTO `book_authors` (`book_id`, `author_id`) VALUES
(2,2),
(3,3),
(4,4),
(5,5),
(6,6);

INSERT INTO `book_genre` (`book_id`, `genre_id`) VALUES
(2,2),
(3,3),
(4,4),
(5,5),
(6,6);

INSERT INTO `workers` (`name`, `lastname`, `phone_numder`, `adress`, `dbirth`, `email`, `patronymic`) VALUES 
('Иван', 'Васильев', '88889871212', 'Советская,2', '2018-06-03', 't1@mail.ru', 'Алексеевич'),
('Андрей', 'Петров', '88889871212', 'Советская,2', '2018-06-03', 't1@mail.ru', 'Сергеевич'),
('Александр', 'Павлов', '88889871212', 'Советская,2', '2018-06-03', 't1@mail.ru', 'Алексеевич'),
('Семен', 'Полынов', '88889871212', 'Советская,2', '2018-06-03', 't1@mail.ru', 'Александрович'),
('Артём', 'Кедрин', '88889871212', 'Советская,2', '2018-06-03', 't1@mail.ru', 'Алексеевич');

INSERT INTO `delivery` (`client_id`, `worker_id`, `date_of_delivery`, `date_of_return`) VALUES 
(2, 2, '2018-02-04', '2018-03-14'),
(3, 3, '2018-02-05', '2018-03-24'),
(4, 5, '2018-02-01', '2018-03-14'),
(5, 4, '2018-02-02', '2018-02-24'),
(6, 6, '2018-02-06', '2018-03-24');


INSERT INTO `fines` (`delivery_id`, `description`, `price`) VALUES 
(2, 'Утеря', '1000'),
(3, 'Задержка', '500'),
(4, 'Утеря', '1000'),
(6, 'Утеря', '1500'),
(5, 'Утеря', '1000');

INSERT INTO `book_delivery` (`delivery_id`, `book_id`) VALUES
(2,2),
(3,3),
(4,4),
(5,5),
(6,6);
